{"random": {"Std QuickSort": {"time_ms": [0.16333302482962608, 0.37462502950802445, 0.5887920269742608, 0.7648750324733555, 0.9980419999919832, 1.272709050681442, 1.464041997678578, 1.979874970857054, 1.9869579700753093, 2.4926660116761923, 2.8674580389633775, 3.60008399002254, 3.41804203344509, 3.7829999928362668, 3.690207959152758, 4.628082970157266, 4.549291974399239, 4.764042038004845, 5.323000019416213, 6.004416034556925, 5.713417020160705, 6.247167009860277, 6.112125003710389, 6.868541007861495, 7.345082995016128, 8.258459041826427, 7.830917020328343, 8.792000007815659, 8.72204202460125, 9.190834010951221], "comparisons": [712, 1829, 3061, 4153, 5506, 7240, 8284, 11519, 11235, 14249, 16518, 19492, 19356, 21957, 21527, 26761, 26577, 28436, 31398, 34951, 34321, 37267, 37042, 41064, 43484, 49979, 47655, 53071, 53032, 55744]}, "Std MergeSort": {"time_ms": [0.19749999046325684, 0.43770798947662115, 0.6521249888464808, 0.9607499814592302, 1.1935830116271973, 1.48770899977535, 1.754750031977892, 2.0396250183694065, 2.369208028540015, 2.6710830279625952, 2.987625019159168, 3.5980840330012143, 3.6468750331550837, 3.970000019762665, 4.3065830250270665, 4.625417001079768, 4.975666000973433, 5.276082956697792, 5.704166018404067, 6.059875013306737, 6.342459004372358, 6.751791981514543, 7.007582986261696, 7.433958991896361, 7.914916961453855, 8.213374996557832, 8.589208009652793, 8.91116599086672, 9.271000046283007, 9.65104199713096], "comparisons": [599, 1499, 2515, 3652, 4825, 6131, 7450, 8777, 10188, 11556, 13043, 14540, 16070, 17662, 19203, 20730, 22349, 23988, 25592, 27198, 28872, 30584, 32320, 34026, 35755, 37522, 39228, 41056, 42847, 44653]}, "String QuickSort": {"time_ms": [0.12741598766297102, 0.2798750065267086, 0.45979104470461607, 0.5927079473622143, 0.7255829987116158, 0.9027079795487225, 1.0596670326776803, 1.2892920058220625, 1.48320896551013, 1.6433330019935966, 1.952833030372858, 2.1572079858742654, 2.2805420449003577, 2.491540974006057, 2.7164160273969173, 2.934625023044646, 3.0035420204512775, 3.2055830233730376, 3.4727909951470792, 3.714167047291994, 3.9330419967882335, 4.141167039051652, 4.259500012267381, 4.498584021348506, 4.699791956227273, 4.993916023522615, 5.127458018250763, 5.2588749676942825, 5.743042042013258, 5.94758300576359], "comparisons": [639, 1565, 2631, 3596, 4370, 5430, 6146, 7632, 8917, 9868, 11610, 12486, 13708, 15034, 16650, 18015, 18113, 19289, 20804, 22367, 23605, 25268, 25576, 27188, 27753, 30309, 30860, 31793, 34585, 36211]}, "String MergeSort": {"time_ms": [0.2525420277379453, 0.5169590003788471, 0.8222080068662763, 1.0994580225087702, 1.4205419574864209, 1.800334022846073, 2.149791980627924, 2.4879580014385283, 2.8504999936558306, 3.2299160375259817, 3.6468750331550837, 4.161792050581425, 4.3960000039078295, 4.777166992425919, 5.2136669983156025, 5.522207997273654, 5.946791963651776, 6.365583976730704, 6.800792005378753, 7.135458989068866, 7.565208012238145, 7.898792042396963, 8.474707952700555, 8.880959008820355, 9.28783300332725, 9.883542021270841, 10.12091600568965, 10.547582991421223, 10.944084031507373, 11.376834008842707], "comparisons": [509, 1183, 1912, 2690, 3489, 4385, 5242, 6093, 6992, 7864, 8811, 9762, 10701, 11748, 12689, 13592, 14632, 15609, 16606, 17574, 18632, 19625, 20716, 21728, 22741, 23771, 24784, 25920, 27014, 28023]}, "MSD Radix Sort": {"time_ms": [0.8631669916212559, 1.6680840053595603, 2.0743749919347465, 2.3785000084899366, 2.663874998688698, 3.0949159990996122, 3.411457990296185, 3.786166023928672, 4.216458008158952, 4.619374987669289, 5.245000007562339, 5.782624997664243, 6.175625021569431, 6.777542002964765, 7.417874992825091, 8.045082970056683, 8.66975000826642, 9.230292052961886, 10.090249998029321, 10.571082995738834, 11.170916026458144, 12.110624986235052, 12.90141697973013, 13.813624973408878, 14.710208983160555, 15.600583981722593, 16.363957955036312, 17.451458028517663, 18.21425004163757, 18.998167011886835], "comparisons": [352, 804, 1242, 1664, 2100, 2560, 3004, 3450, 3898, 4342, 4804, 5290, 5780, 6282, 6768, 7270, 7760, 8246, 8774, 9264, 9770, 10314, 10832, 11368, 11910, 12426, 12974, 13552, 14096, 14636]}, "MSD Radix + QuickSort": {"time_ms": [0.08216704009100795, 0.16966700786724687, 0.24970801314339042, 0.3507499932311475, 0.44187501771375537, 0.6007499760016799, 0.677208008710295, 0.7760000298731029, 0.8916669758036733, 1.032042026054114, 1.1729160323739052, 1.2683749664574862, 1.3972909655421972, 1.5433329972438514, 1.7367080436088145, 1.808290951885283, 1.9610419985838234, 2.077458018902689, 2.2277079988271, 2.36454198602587, 2.5183340185321867, 2.66916595865041, 2.83670803764835, 2.968624990899116, 3.1347079784609377, 3.2690420048311353, 3.4424170153215528, 3.634084016084671, 3.714042017236352, 3.909332968760282], "comparisons": [295, 744, 1234, 1762, 2327, 2947, 3606, 4241, 4935, 5643, 6361, 7085, 7882, 8696, 9472, 10260, 11157, 11920, 12736, 13618, 14529, 15398, 16191, 17025, 17969, 18801, 19739, 20674, 21583, 22530]}, "_ns": [100, 200, 300, 400, 500, 600, 700, 800, 900, 1000, 1100, 1200, 1300, 1400, 1500, 1600, 1700, 1800, 1900, 2000, 2100, 2200, 2300, 2400, 2500, 2600, 2700, 2800, 2900, 3000]}, "almost_sorted": {"Std QuickSort": {"time_ms": [0.11129101039841771, 0.25949999690055847, 0.4529579891823232, 0.6350000039674342, 0.8581250440329313, 1.0444160434417427, 1.2963750050403178, 1.532917027361691, 1.7535419901832938, 1.9376660347916186, 2.209500002209097, 2.5205829879269004, 2.740958007052541, 2.923291001934558, 3.2180420239456, 3.5945409908890724, 3.8009999552741647, 4.212250001728535, 4.496834008023143, 4.72420803271234, 5.1442080293782055, 5.269457993563265, 5.543957988265902, 5.93991600908339, 6.225457997061312, 6.797124980948865, 6.962500046938658, 7.264707994181663, 7.454375037923455, 7.981707982253283], "comparisons": [550, 1372, 2414, 3448, 4758, 5905, 7312, 8673, 10058, 11352, 12862, 14982, 16261, 17280, 19203, 21619, 22810, 25406, 27156, 28727, 31180, 32627, 34229, 36546, 38660, 40383, 42245, 45092, 46501, 48851]}, "Std MergeSort": {"time_ms": [0.13950001448392868, 0.2945419983007014, 0.492958992253989, 0.7210419862531126, 0.9445000323466957, 1.179165963549167, 1.4097500243224204, 1.6931249992921948, 1.9352090312168002, 2.1717080380767584, 2.4368749582208693, 2.6656670379452407, 2.944124978967011, 3.182999964337796, 3.4757499815896153, 3.7988750264048576, 3.986291994806379, 4.35225002001971, 4.702125035692006, 4.967249988112599, 5.303584039211273, 5.652499967254698, 5.791167030110955, 6.120042002294213, 6.38908299151808, 7.1844999911263585, 7.278874982148409, 7.3610830004327, 7.621292024850845, 8.059541985858232], "comparisons": [454, 1019, 1734, 2615, 3596, 4453, 5215, 6374, 7630, 8641, 9612, 10604, 11857, 12676, 13880, 15240, 15939, 17813, 19357, 20817, 21809, 23908, 23955, 25538, 26679, 28369, 29172, 30701, 32297, 33814]}, "String QuickSort": {"time_ms": [0.18237496260553598, 0.4712080117315054, 0.8453340269625187, 1.2234579771757126, 1.694292004685849, 2.0319580216892064, 2.6544579886831343, 2.5559589848853648, 3.768750000745058, 4.257499997038394, 4.825207986868918, 5.3732499945908785, 6.093583011534065, 6.797083013225347, 7.502292050048709, 6.135042000096291, 8.824916963931173, 8.346833987161517, 8.298708009533584, 9.62374999653548, 11.406707984860986, 12.296708999201655, 10.659582971129566, 11.873167008161545, 14.913499995600432, 14.652499987278134, 16.66720799403265, 16.03554200846702, 18.44762498512864, 13.466249976772815], "comparisons": [1169, 3077, 5549, 8036, 10909, 13314, 17416, 16522, 24651, 27872, 31855, 35478, 39832, 44744, 49207, 39915, 58001, 54554, 54735, 63196, 75031, 81711, 69139, 77026, 97537, 90710, 108337, 104406, 118930, 85085]},